low_mean,high_mean,total_gap,composition_effect,within_type_effect,composition_share
1703.3845874227554,2943.8365900209033,1240.4520025981478,537.3420757495136,703.1099268486344,0.43318248076027244
