artifact_type,n_weekday,n_weekend,chi2,dof,p_value
code,5997,1416,203.87864930900236,23,6.124248260983696e-31
explanation,5973,2767,70.76493584714406,23,9.260304271582093e-07
document,5918,1570,160.37378363614133,23,1.421931326960694e-22
guidance,3860,1878,43.982145518254846,23,0.005284644211756745
